,mean,std,min,max,corr_with_product_flow,abs_correlation
XMV_11,18.215881999999997,1.4880553112349653,14.009,23.144,-0.9996038149293842,0.9996038149293842
XMV_10,41.09475,0.5255575296139021,39.51,42.641,-0.07118427691382309,0.07118427691382309
XMV_08,46.513163999999996,2.3550130560343363,39.504,53.152,0.05567046831819548,0.05567046831819548
XMV_04,61.32237800000001,1.1853005551031586,57.903,65.323,-0.043019653199378165,0.043019653199378165
XMV_06,40.08182000000001,1.4380283427767544,35.477,44.575,-0.03350519374911482,0.03350519374911482
XMV_03,24.721266000000004,2.8251171723166877,17.781,33.682,-0.021288164571915628,0.021288164571915628
XMV_05,22.252254,0.4136881933614414,20.765,23.313,0.013131018516044432,0.013131018516044432
XMV_01,63.031124,0.5581668362220352,61.296,64.436,-0.01267399279888173,0.01267399279888173
XMV_07,38.287544000000004,3.043151892190379,29.977,47.453,-0.007433900775811321,0.007433900775811321
XMV_09,47.46115399999999,2.1230410398288573,42.162,52.124,-0.005550767299303931,0.005550767299303931
XMV_02,54.005688,0.4277502064689958,52.779,55.111,0.0052985767268843706,0.0052985767268843706
