input_variable,direction,input_baseline,input_perturbed,input_change,response,predicted_baseline,predicted_perturbed,response_change,local_slope
XMV_01,decrease,63.031124,62.999724,-0.031399999999997874,XMEAS_17,22.909329999999997,22.909339575558196,9.575558198804401e-06,-0.000304954082764492
XMV_01,decrease,63.031124,62.999724,-0.031399999999997874,XMEAS_07,2705.3974000000003,2705.3739832047263,-0.0234167952739881,0.7457578112735569
XMV_01,decrease,63.031124,62.999724,-0.031399999999997874,XMEAS_10,0.33759224000000004,0.3375922495091695,9.509169451860089e-09,-3.028397914605329e-07
XMV_01,decrease,63.031124,62.999724,-0.031399999999997874,XMEAS_19,230.2822,230.27625049765652,-0.0059495023434692484,0.18947459692578508
XMV_01,decrease,63.031124,62.999724,-0.031399999999997874,XMEAS_20,341.46948,341.4637352349225,-0.00574476507745203,0.18295430182969485
XMV_01,increase,63.031124,63.062523999999996,0.031399999999997874,XMEAS_17,22.909329999999997,22.9093204244418,-9.575558198804401e-06,-0.000304954082764492
XMV_01,increase,63.031124,63.062523999999996,0.031399999999997874,XMEAS_07,2705.3974000000003,2705.4208167952743,0.0234167952739881,0.7457578112735569
XMV_01,increase,63.031124,63.062523999999996,0.031399999999997874,XMEAS_10,0.33759224000000004,0.3375922304908306,-9.509169451860089e-09,-3.028397914605329e-07
XMV_01,increase,63.031124,63.062523999999996,0.031399999999997874,XMEAS_19,230.2822,230.28814950234346,0.0059495023434692484,0.18947459692578508
XMV_01,increase,63.031124,63.062523999999996,0.031399999999997874,XMEAS_20,341.46948,341.4752247650774,0.00574476507745203,0.18295430182969485
XMV_02,decrease,54.005688,53.982368,-0.02331999999999823,XMEAS_17,22.909329999999997,22.90930451533318,-2.5484666817732204e-05,0.00109282447760438
XMV_02,decrease,54.005688,53.982368,-0.02331999999999823,XMEAS_07,2705.3974000000003,2705.3812847037034,-0.01611529629690267,0.6910504415481944
XMV_02,decrease,54.005688,53.982368,-0.02331999999999823,XMEAS_10,0.33759224000000004,0.3375752394815116,-1.7000518488463623e-05,0.0007290102267780837
XMV_02,decrease,54.005688,53.982368,-0.02331999999999823,XMEAS_19,230.2822,230.27808577449295,-0.004114225507038327,0.17642476445277183
XMV_02,decrease,54.005688,53.982368,-0.02331999999999823,XMEAS_20,341.46948,341.4645543764406,-0.004925623559358883,0.21121884902912763
XMV_02,increase,54.005688,54.029008,0.02331999999999823,XMEAS_17,22.909329999999997,22.909355484666815,2.5484666817732204e-05,0.00109282447760438
XMV_02,increase,54.005688,54.029008,0.02331999999999823,XMEAS_07,2705.3974000000003,2705.413515296297,0.01611529629690267,0.6910504415481944
XMV_02,increase,54.005688,54.029008,0.02331999999999823,XMEAS_10,0.33759224000000004,0.3376092405184885,1.7000518488463623e-05,0.0007290102267780837
XMV_02,increase,54.005688,54.029008,0.02331999999999823,XMEAS_19,230.2822,230.28631422550703,0.004114225507038327,0.17642476445277183
XMV_02,increase,54.005688,54.029008,0.02331999999999823,XMEAS_20,341.46948,341.47440562355933,0.004925623559358883,0.21121884902912763
XMV_03,decrease,24.721266000000004,24.562256000000005,-0.15900999999999854,XMEAS_17,22.909329999999997,22.90916812483386,-0.00016187516613541675,0.0010180187795447973
XMV_03,decrease,24.721266000000004,24.562256000000005,-0.15900999999999854,XMEAS_07,2705.3974000000003,2705.351911917976,-0.04548808202434884,0.28607057433085503
XMV_03,decrease,24.721266000000004,24.562256000000005,-0.15900999999999854,XMEAS_10,0.33759224000000004,0.3376013519646025,9.111964602459555e-06,-5.7304349427455116e-05
XMV_03,decrease,24.721266000000004,24.562256000000005,-0.15900999999999854,XMEAS_19,230.2822,230.27617832077112,-0.006021679228865651,0.03786981465861081
XMV_03,decrease,24.721266000000004,24.562256000000005,-0.15900999999999854,XMEAS_20,341.46948,341.46821775828226,-0.0012622417177112766,0.00793812790208973
XMV_03,increase,24.721266000000004,24.880276000000002,0.15900999999999854,XMEAS_17,22.909329999999997,22.909491875166133,0.00016187516613541675,0.0010180187795447973
XMV_03,increase,24.721266000000004,24.880276000000002,0.15900999999999854,XMEAS_07,2705.3974000000003,2705.4428880820246,0.04548808202434884,0.28607057433085503
XMV_03,increase,24.721266000000004,24.880276000000002,0.15900999999999854,XMEAS_10,0.33759224000000004,0.3375831280353976,-9.111964602459555e-06,-5.7304349427455116e-05
XMV_03,increase,24.721266000000004,24.880276000000002,0.15900999999999854,XMEAS_19,230.2822,230.28822167922885,0.006021679228865651,0.03786981465861081
XMV_03,increase,24.721266000000004,24.880276000000002,0.15900999999999854,XMEAS_20,341.46948,341.4707422417177,0.0012622417177112766,0.00793812790208973
XMV_04,decrease,61.32237800000001,61.24817800000001,-0.0741999999999976,XMEAS_17,22.909329999999997,22.909405251982967,7.525198297031466e-05,-0.0010141776680635726
XMV_04,decrease,61.32237800000001,61.24817800000001,-0.0741999999999976,XMEAS_07,2705.3974000000003,2705.379248228525,-0.0181517714754591,0.24463303875282597
XMV_04,decrease,61.32237800000001,61.24817800000001,-0.0741999999999976,XMEAS_10,0.33759224000000004,0.3375818219759351,-1.0418024064928755e-05,0.00014040463699365352
XMV_04,decrease,61.32237800000001,61.24817800000001,-0.0741999999999976,XMEAS_19,230.2822,230.27606587720277,-0.006134122797220698,0.08267011856092853
XMV_04,decrease,61.32237800000001,61.24817800000001,-0.0741999999999976,XMEAS_20,341.46948,341.46373464182915,-0.0057453581708273305,0.07743070311088297
XMV_04,increase,61.32237800000001,61.396578000000005,0.0741999999999976,XMEAS_17,22.909329999999997,22.909254748017027,-7.525198297031466e-05,-0.0010141776680635726
XMV_04,increase,61.32237800000001,61.396578000000005,0.0741999999999976,XMEAS_07,2705.3974000000003,2705.4155517714757,0.0181517714754591,0.24463303875282597
XMV_04,increase,61.32237800000001,61.396578000000005,0.0741999999999976,XMEAS_10,0.33759224000000004,0.33760265802406497,1.0418024064928755e-05,0.00014040463699365352
XMV_04,increase,61.32237800000001,61.396578000000005,0.0741999999999976,XMEAS_19,230.2822,230.2883341227972,0.006134122797220698,0.08267011856092853
XMV_04,increase,61.32237800000001,61.396578000000005,0.0741999999999976,XMEAS_20,341.46948,341.4752253581708,0.0057453581708273305,0.07743070311088297
XMV_05,decrease,22.252254,22.226774,-0.025480000000001723,XMEAS_17,22.909329999999997,22.909536404248605,0.00020640424860829398,-0.008100637700481948
XMV_05,decrease,22.252254,22.226774,-0.025480000000001723,XMEAS_07,2705.3974000000003,2705.182888281096,-0.21451171890430487,8.418827272538868
XMV_05,decrease,22.252254,22.226774,-0.025480000000001723,XMEAS_10,0.33759224000000004,0.3375453598498621,-4.688015013792901e-05,0.0018398803036862575
XMV_05,decrease,22.252254,22.226774,-0.025480000000001723,XMEAS_19,230.2822,230.26777140063467,-0.01442859936531704,0.5662715606481972
XMV_05,decrease,22.252254,22.226774,-0.025480000000001723,XMEAS_20,341.46948,341.40639889870624,-0.0630811012937329,2.475710411841783
XMV_05,increase,22.252254,22.277734000000002,0.025480000000001723,XMEAS_17,22.909329999999997,22.90912359575139,-0.00020640424860829398,-0.008100637700481948
XMV_05,increase,22.252254,22.277734000000002,0.025480000000001723,XMEAS_07,2705.3974000000003,2705.6119117189046,0.21451171890430487,8.418827272538868
XMV_05,increase,22.252254,22.277734000000002,0.025480000000001723,XMEAS_10,0.33759224000000004,0.337639120150138,4.688015013792901e-05,0.0018398803036862575
XMV_05,increase,22.252254,22.277734000000002,0.025480000000001723,XMEAS_19,230.2822,230.2966285993653,0.01442859936531704,0.5662715606481972
XMV_05,increase,22.252254,22.277734000000002,0.025480000000001723,XMEAS_20,341.46948,341.5325611012937,0.0630811012937329,2.475710411841783
XMV_06,decrease,40.08182000000001,39.990840000000006,-0.09098000000000184,XMEAS_17,22.909329999999997,22.909497643741727,0.00016764374172950625,-0.0018426438967850392
XMV_06,decrease,40.08182000000001,39.990840000000006,-0.09098000000000184,XMEAS_07,2705.3974000000003,2705.450040922805,0.05264092280458499,-0.5785988437522964
XMV_06,decrease,40.08182000000001,39.990840000000006,-0.09098000000000184,XMEAS_10,0.33759224000000004,0.3369070330820174,-0.0006852069179826281,0.007531401604557202
XMV_06,decrease,40.08182000000001,39.990840000000006,-0.09098000000000184,XMEAS_19,230.2822,230.28121257219476,-0.0009874278052279806,0.010853240330050128
XMV_06,decrease,40.08182000000001,39.990840000000006,-0.09098000000000184,XMEAS_20,341.46948,341.46844925503336,-0.0010307449666129287,0.011329357733709694
XMV_06,increase,40.08182000000001,40.17280000000001,0.09098000000000184,XMEAS_17,22.909329999999997,22.909162356258268,-0.00016764374172950625,-0.0018426438967850392
XMV_06,increase,40.08182000000001,40.17280000000001,0.09098000000000184,XMEAS_07,2705.3974000000003,2705.3447590771957,-0.05264092280458499,-0.5785988437522964
XMV_06,increase,40.08182000000001,40.17280000000001,0.09098000000000184,XMEAS_10,0.33759224000000004,0.33827744691798267,0.0006852069179826281,0.007531401604557202
XMV_06,increase,40.08182000000001,40.17280000000001,0.09098000000000184,XMEAS_19,230.2822,230.28318742780522,0.0009874278052279806,0.010853240330050128
XMV_06,increase,40.08182000000001,40.17280000000001,0.09098000000000184,XMEAS_20,341.46948,341.4705107449666,0.0010307449666129287,0.011329357733709694
XMV_09,decrease,47.46115399999999,47.36153399999999,-0.0996200000000016,XMEAS_17,22.909329999999997,22.909395365732312,6.536573231485932e-05,-0.0006561506957925945
XMV_09,decrease,47.46115399999999,47.36153399999999,-0.0996200000000016,XMEAS_07,2705.3974000000003,2705.467447893841,0.0700478938406377,-0.7031509118714774
XMV_09,decrease,47.46115399999999,47.36153399999999,-0.0996200000000016,XMEAS_10,0.33759224000000004,0.33756720226786996,-2.503773213008431e-05,0.0002513323843614125
XMV_09,decrease,47.46115399999999,47.36153399999999,-0.0996200000000016,XMEAS_19,230.2822,229.91484080114535,-0.3673591988546434,3.6876048871174216
XMV_09,decrease,47.46115399999999,47.36153399999999,-0.0996200000000016,XMEAS_20,341.46948,341.460311787698,-0.00916821230197229,0.09203184402702412
XMV_09,increase,47.46115399999999,47.560773999999995,0.0996200000000016,XMEAS_17,22.909329999999997,22.909264634267682,-6.536573231485932e-05,-0.0006561506957925945
XMV_09,increase,47.46115399999999,47.560773999999995,0.0996200000000016,XMEAS_07,2705.3974000000003,2705.3273521061597,-0.0700478938406377,-0.7031509118714774
XMV_09,increase,47.46115399999999,47.560773999999995,0.0996200000000016,XMEAS_10,0.33759224000000004,0.3376172777321301,2.503773213008431e-05,0.0002513323843614125
XMV_09,increase,47.46115399999999,47.560773999999995,0.0996200000000016,XMEAS_19,230.2822,230.64955919885463,0.3673591988546434,3.6876048871174216
XMV_09,increase,47.46115399999999,47.560773999999995,0.0996200000000016,XMEAS_20,341.46948,341.47864821230195,0.00916821230197229,0.09203184402702412
XMV_11,decrease,18.215881999999997,18.124532,-0.09134999999999849,XMEAS_17,22.909329999999997,22.947039830640644,0.03770983064064737,-0.4128060278122386
XMV_11,decrease,18.215881999999997,18.124532,-0.09134999999999849,XMEAS_07,2705.3974000000003,2705.397785301819,0.0003853018188237911,-0.004217863369718637
XMV_11,decrease,18.215881999999997,18.124532,-0.09134999999999849,XMEAS_10,0.33759224000000004,0.3375815773474055,-1.0662652594528588e-05,0.000116723071642351
XMV_11,decrease,18.215881999999997,18.124532,-0.09134999999999849,XMEAS_19,230.2822,230.2854763321869,0.0032763321869140327,-0.03586570538493801
XMV_11,decrease,18.215881999999997,18.124532,-0.09134999999999849,XMEAS_20,341.46948,341.47168138102427,0.002201381024292459,-0.024098314442172912
XMV_11,increase,18.215881999999997,18.307231999999996,0.09134999999999849,XMEAS_17,22.909329999999997,22.87162016935935,-0.03770983064064737,-0.4128060278122386
XMV_11,increase,18.215881999999997,18.307231999999996,0.09134999999999849,XMEAS_07,2705.3974000000003,2705.3970146981815,-0.0003853018188237911,-0.004217863369718637
XMV_11,increase,18.215881999999997,18.307231999999996,0.09134999999999849,XMEAS_10,0.33759224000000004,0.33760290265259457,1.0662652594528588e-05,0.000116723071642351
XMV_11,increase,18.215881999999997,18.307231999999996,0.09134999999999849,XMEAS_19,230.2822,230.27892366781307,-0.0032763321869140327,-0.03586570538493801
XMV_11,increase,18.215881999999997,18.307231999999996,0.09134999999999849,XMEAS_20,341.46948,341.4672786189757,-0.002201381024292459,-0.024098314442172912
