model,target,CV_MAE,CV_RMSE,CV_R2,CV_Relative_Error_%
linear,XMEAS_17,0.4990225168310699,0.6366247250675798,-0.06941067877915721,2.175857312046468
linear,XMEAS_07,2.891511030836201,3.5658503529005428,0.3167093384659602,0.10686780343781035
linear,XMEAS_10,0.0031326741994153417,0.003912632505555898,0.8832780770943301,0.9304317732602445
linear,XMEAS_19,1.4784596614667518,1.8504058335076643,0.7861795903350377,0.6452937412517434
linear,XMEAS_20,0.5755840735871707,0.6990410245250289,0.456565045685801,0.16846725689589745
ridge,XMEAS_17,0.49760443715690056,0.6346258147281478,-0.06268848349811758,2.169664614267643
ridge,XMEAS_07,2.9217036175407904,3.5908663430186136,0.3036452343077604,0.10798358160507289
ridge,XMEAS_10,0.0031871911414768097,0.003998621801312767,0.8780457230498575,0.9466452003277552
ridge,XMEAS_19,1.7972021194594396,2.2111026348698624,0.7742206947622066,0.7862969539929875
ridge,XMEAS_20,0.6197014655665782,0.7372044694088404,0.35902870996218994,0.18137248162843472
poly,XMEAS_17,0.49918504261579544,0.6371595247721463,-0.07141948300609383,2.176572361689413
poly,XMEAS_07,2.8904030712782953,3.5630544748722444,0.31776840808964724,0.10682684257758121
poly,XMEAS_10,0.003137398024357816,0.003922475740609122,0.8828138229099212,0.931833586132041
poly,XMEAS_19,1.5333516208167175,1.9113993684658641,0.7856005561788473,0.6695802131350465
poly,XMEAS_20,0.5811859572547525,0.7033892009336802,0.44581925916109083,0.1701057341101778
