problem,input_variable,direction,input_change,response,response_change,local_slope,abs_response_change
cost_minimization,XMV_05,decrease,-0.0254800000000017,XMEAS_07,-0.2145117189043048,8.418827272538868,0.2145117189043048
cost_minimization,XMV_06,decrease,-0.0909800000000018,XMEAS_10,-0.0006852069179826,0.0075314016045572,0.0006852069179826
cost_minimization,XMV_11,decrease,-0.0913499999999984,XMEAS_17,0.0377098306406473,-0.4128060278122386,0.0377098306406473
cost_minimization,XMV_09,increase,0.0996200000000016,XMEAS_19,0.3673591988546718,3.6876048871177063,0.3673591988546718
cost_minimization,XMV_05,decrease,-0.0254800000000017,XMEAS_20,-0.0630811012937329,2.475710411841783,0.0630811012937329
production_maximization,XMV_05,decrease,-0.0254800000000017,XMEAS_07,-0.2145117189043048,8.418827272538868,0.2145117189043048
production_maximization,XMV_06,decrease,-0.0909800000000018,XMEAS_10,-0.0006852069179826,0.0075314016045572,0.0006852069179826
production_maximization,XMV_11,increase,0.0913500000000002,XMEAS_17,-0.0377098306406473,-0.4128060278122305,0.0377098306406473
production_maximization,XMV_09,increase,0.0996200000000016,XMEAS_19,0.3673591988546718,3.6876048871177063,0.3673591988546718
production_maximization,XMV_05,increase,0.0254800000000017,XMEAS_20,0.0630811012937329,2.475710411841783,0.0630811012937329
