"problem","input_variable","direction","input_change","response","response_change","local_slope"
"production_maximization","XMV_01","decrease","-0.03140000000000498","XMEAS_17","9.575558198804401e-06","-0.000304954082764423"
"production_maximization","XMV_01","decrease","-0.03140000000000498","XMEAS_07","-0.023416795273533353","0.7457578112589057"
"production_maximization","XMV_01","decrease","-0.03140000000000498","XMEAS_10","9.509169451860089e-09","-3.028397914604644e-07"
"production_maximization","XMV_01","decrease","-0.03140000000000498","XMEAS_19","-0.0059495023434692484","0.1894745969257422"
"production_maximization","XMV_01","decrease","-0.03140000000000498","XMEAS_20","-0.00574476507745203","0.18295430182965347"
"production_maximization","XMV_02","decrease","-0.02331999999999823","XMEAS_17","-2.5484666817732204e-05","0.00109282447760438"
"production_maximization","XMV_02","decrease","-0.02331999999999823","XMEAS_07","-0.01611529629690267","0.6910504415481944"
"production_maximization","XMV_02","decrease","-0.02331999999999823","XMEAS_10","-1.7000518488519134e-05","0.0007290102267804642"
"production_maximization","XMV_02","decrease","-0.02331999999999823","XMEAS_19","-0.004114225507038327","0.17642476445277183"
"production_maximization","XMV_02","decrease","-0.02331999999999823","XMEAS_20","-0.004925623559358883","0.21121884902912763"
"production_maximization","XMV_03","decrease","-0.1590100000000021","XMEAS_17","-0.00016187516613186403","0.001018018779522432"
"production_maximization","XMV_03","decrease","-0.1590100000000021","XMEAS_07","-0.04548808202434884","0.28607057433084865"
"production_maximization","XMV_03","decrease","-0.1590100000000021","XMEAS_10","9.111964602459555e-06","-5.7304349427453835e-05"
"production_maximization","XMV_03","decrease","-0.1590100000000021","XMEAS_19","-0.006021679228865651","0.03786981465860997"
"production_maximization","XMV_03","decrease","-0.1590100000000021","XMEAS_20","-0.0012622417177112766","0.007938127902089554"
"production_maximization","XMV_04","increase","0.0741999999999976","XMEAS_17","-7.525198296676194e-05","-0.0010141776680156925"
"production_maximization","XMV_04","increase","0.0741999999999976","XMEAS_07","0.018151771475913847","0.24463303875895465"
"production_maximization","XMV_04","increase","0.0741999999999976","XMEAS_10","1.0418024064928755e-05","0.00014040463699365352"
"production_maximization","XMV_04","increase","0.0741999999999976","XMEAS_19","0.00613412279724912","0.08267011856131157"
"production_maximization","XMV_04","increase","0.0741999999999976","XMEAS_20","0.0057453581708273305","0.07743070311088297"
"production_maximization","XMV_05","decrease","-0.025480000000001723","XMEAS_17","0.00020640424860829398","-0.008100637700481948"
"production_maximization","XMV_05","decrease","-0.025480000000001723","XMEAS_07","-0.21451171890430487","8.418827272538868"
"production_maximization","XMV_05","decrease","-0.025480000000001723","XMEAS_10","-4.688015013792901e-05","0.0018398803036862575"
"production_maximization","XMV_05","decrease","-0.025480000000001723","XMEAS_19","-0.014428599365288619","0.5662715606470817"
"production_maximization","XMV_05","decrease","-0.025480000000001723","XMEAS_20","-0.06308110129367606","2.475710411839552"
"production_maximization","XMV_05","increase","0.025480000000001723","XMEAS_17","-0.00020640424860474127","-0.008100637700342516"
"production_maximization","XMV_05","increase","0.025480000000001723","XMEAS_07","0.21451171890430487","8.418827272538868"
"production_maximization","XMV_05","increase","0.025480000000001723","XMEAS_10","4.688015013792901e-05","0.0018398803036862575"
"production_maximization","XMV_05","increase","0.025480000000001723","XMEAS_19","0.01442859936531704","0.5662715606481972"
"production_maximization","XMV_05","increase","0.025480000000001723","XMEAS_20","0.0630811012937329","2.475710411841783"
"production_maximization","XMV_06","decrease","-0.09098000000000184","XMEAS_17","0.00016764374172950625","-0.0018426438967850392"
"production_maximization","XMV_06","decrease","-0.09098000000000184","XMEAS_07","0.052640922805039736","-0.5785988437572948"
"production_maximization","XMV_06","decrease","-0.09098000000000184","XMEAS_10","-0.0006852069179826281","0.007531401604557202"
"production_maximization","XMV_06","decrease","-0.09098000000000184","XMEAS_19","-0.0009874278052279806","0.010853240330050128"
"production_maximization","XMV_06","decrease","-0.09098000000000184","XMEAS_20","-0.0010307449665560853","0.011329357733084904"
"production_maximization","XMV_06","increase","0.09098000000000184","XMEAS_17","-0.00016764374172595353","-0.0018426438967459897"
"production_maximization","XMV_06","increase","0.09098000000000184","XMEAS_07","-0.05264092280458499","-0.5785988437522964"
"production_maximization","XMV_06","increase","0.09098000000000184","XMEAS_10","0.0006852069179826281","0.007531401604557202"
"production_maximization","XMV_06","increase","0.09098000000000184","XMEAS_19","0.0009874278052564023","0.010853240330362522"
"production_maximization","XMV_06","increase","0.09098000000000184","XMEAS_20","0.0010307449666129287","0.011329357733709694"
"production_maximization","XMV_09","increase","0.0996200000000016","XMEAS_17","-6.536573231485932e-05","-0.0006561506957925945"
"production_maximization","XMV_09","increase","0.0996200000000016","XMEAS_07","-0.0700478938406377","-0.7031509118714774"
"production_maximization","XMV_09","increase","0.0996200000000016","XMEAS_10","2.503773213008431e-05","0.0002513323843614125"
"production_maximization","XMV_09","increase","0.0996200000000016","XMEAS_19","0.36735919885467183","3.6876048871177067"
"production_maximization","XMV_09","increase","0.0996200000000016","XMEAS_20","0.009168212302029133","0.09203184402759472"
"production_maximization","XMV_11","increase","0.09135000000000026","XMEAS_17","-0.03770983064064737","-0.4128060278122305"
"production_maximization","XMV_11","increase","0.09135000000000026","XMEAS_07","-0.0003853018188237911","-0.004217863369718555"
"production_maximization","XMV_11","increase","0.09135000000000026","XMEAS_10","1.0662652594528588e-05","0.00011672307164234874"
"production_maximization","XMV_11","increase","0.09135000000000026","XMEAS_19","-0.003276332186885611","-0.03586570538462618"
"production_maximization","XMV_11","increase","0.09135000000000026","XMEAS_20","-0.0022013810242356158","-0.024098314441550184"
"cost_minimization","XMV_01","increase","0.031399999999997874","XMEAS_17","-9.575558195251688e-06","-0.0003049540826513483"
"cost_minimization","XMV_01","increase","0.031399999999997874","XMEAS_07","0.0234167952739881","0.7457578112735569"
"cost_minimization","XMV_01","increase","0.031399999999997874","XMEAS_10","-9.509169451860089e-09","-3.028397914605329e-07"
"cost_minimization","XMV_01","increase","0.031399999999997874","XMEAS_19","0.00594950234349767","0.18947459692669022"
"cost_minimization","XMV_01","increase","0.031399999999997874","XMEAS_20","0.00574476507745203","0.18295430182969485"
"cost_minimization","XMV_02","decrease","-0.02331999999999823","XMEAS_17","-2.5484666817732204e-05","0.00109282447760438"
"cost_minimization","XMV_02","decrease","-0.02331999999999823","XMEAS_07","-0.01611529629690267","0.6910504415481944"
"cost_minimization","XMV_02","decrease","-0.02331999999999823","XMEAS_10","-1.7000518488463623e-05","0.0007290102267780837"
"cost_minimization","XMV_02","decrease","-0.02331999999999823","XMEAS_19","-0.004114225507038327","0.17642476445277183"
"cost_minimization","XMV_02","decrease","-0.02331999999999823","XMEAS_20","-0.004925623559358883","0.21121884902912763"
"cost_minimization","XMV_02","increase","0.02331999999999823","XMEAS_17","2.5484666821284918e-05","0.001092824477756726"
"cost_minimization","XMV_02","increase","0.02331999999999823","XMEAS_07","0.016115296297357418","0.6910504415676947"
"cost_minimization","XMV_02","increase","0.02331999999999823","XMEAS_10","1.7000518488519134e-05","0.0007290102267804642"
"cost_minimization","XMV_02","increase","0.02331999999999823","XMEAS_19","0.004114225507066749","0.1764247644539906"
"cost_minimization","XMV_02","increase","0.02331999999999823","XMEAS_20","0.004925623559415726","0.21121884903156515"
"cost_minimization","XMV_03","increase","0.15900999999999854","XMEAS_17","0.00016187516613541675","0.0010180187795447973"
"cost_minimization","XMV_03","increase","0.15900999999999854","XMEAS_07","0.04548808202434884","0.28607057433085503"
"cost_minimization","XMV_03","increase","0.15900999999999854","XMEAS_10","-9.111964602459555e-06","-5.7304349427455116e-05"
"cost_minimization","XMV_03","increase","0.15900999999999854","XMEAS_19","0.006021679228894072","0.03786981465878956"
"cost_minimization","XMV_03","increase","0.15900999999999854","XMEAS_20","0.0012622417177112766","0.00793812790208973"
"cost_minimization","XMV_04","increase","0.0741999999999976","XMEAS_17","-7.525198296676194e-05","-0.0010141776680156925"
"cost_minimization","XMV_04","increase","0.0741999999999976","XMEAS_07","0.0181517714754591","0.24463303875282597"
"cost_minimization","XMV_04","increase","0.0741999999999976","XMEAS_10","1.0418024064984266e-05","0.00014040463699440165"
"cost_minimization","XMV_04","increase","0.0741999999999976","XMEAS_19","0.00613412279724912","0.08267011856131157"
"cost_minimization","XMV_04","increase","0.0741999999999976","XMEAS_20","0.0057453581708273305","0.07743070311088297"
"cost_minimization","XMV_05","decrease","-0.025480000000001723","XMEAS_17","0.00020640424860829398","-0.008100637700481948"
"cost_minimization","XMV_05","decrease","-0.025480000000001723","XMEAS_07","-0.21451171890430487","8.418827272538868"
"cost_minimization","XMV_05","decrease","-0.025480000000001723","XMEAS_10","-4.688015013792901e-05","0.0018398803036862575"
"cost_minimization","XMV_05","decrease","-0.025480000000001723","XMEAS_19","-0.014428599365288619","0.5662715606470817"
"cost_minimization","XMV_05","decrease","-0.025480000000001723","XMEAS_20","-0.0630811012937329","2.475710411841783"
"cost_minimization","XMV_05","increase","0.025480000000001723","XMEAS_17","-0.00020640424860474127","-0.008100637700342516"
"cost_minimization","XMV_05","increase","0.025480000000001723","XMEAS_07","0.21451171890430487","8.418827272538868"
"cost_minimization","XMV_05","increase","0.025480000000001723","XMEAS_10","4.688015013798452e-05","0.001839880303688436"
"cost_minimization","XMV_05","increase","0.025480000000001723","XMEAS_19","0.01442859936531704","0.5662715606481972"
"cost_minimization","XMV_05","increase","0.025480000000001723","XMEAS_20","0.0630811012937329","2.475710411841783"
"cost_minimization","XMV_06","decrease","-0.09098000000000184","XMEAS_17","0.00016764374172950625","-0.0018426438967850392"
"cost_minimization","XMV_06","decrease","-0.09098000000000184","XMEAS_07","0.05264092280458499","-0.5785988437522964"
"cost_minimization","XMV_06","decrease","-0.09098000000000184","XMEAS_10","-0.0006852069179826281","0.007531401604557202"
"cost_minimization","XMV_06","decrease","-0.09098000000000184","XMEAS_19","-0.0009874278052279806","0.010853240330050128"
"cost_minimization","XMV_06","decrease","-0.09098000000000184","XMEAS_20","-0.0010307449666129287","0.011329357733709694"
"cost_minimization","XMV_06","increase","0.09098000000000184","XMEAS_17","-0.00016764374172595353","-0.0018426438967459897"
"cost_minimization","XMV_06","increase","0.09098000000000184","XMEAS_07","-0.05264092280458499","-0.5785988437522964"
"cost_minimization","XMV_06","increase","0.09098000000000184","XMEAS_10","0.0006852069179826836","0.007531401604557813"
"cost_minimization","XMV_06","increase","0.09098000000000184","XMEAS_19","0.0009874278052564023","0.010853240330362522"
"cost_minimization","XMV_06","increase","0.09098000000000184","XMEAS_20","0.0010307449666129287","0.011329357733709694"
"cost_minimization","XMV_09","increase","0.0996200000000016","XMEAS_17","-6.536573231485932e-05","-0.0006561506957925945"
"cost_minimization","XMV_09","increase","0.0996200000000016","XMEAS_07","-0.0700478938406377","-0.7031509118714774"
"cost_minimization","XMV_09","increase","0.0996200000000016","XMEAS_10","2.5037732130139823e-05","0.0002513323843619697"
"cost_minimization","XMV_09","increase","0.0996200000000016","XMEAS_19","0.36735919885467183","3.6876048871177067"
"cost_minimization","XMV_09","increase","0.0996200000000016","XMEAS_20","0.00916821230197229","0.09203184402702412"
"cost_minimization","XMV_11","decrease","-0.09134999999999849","XMEAS_17","0.03770983064064737","-0.4128060278122386"
"cost_minimization","XMV_11","decrease","-0.09134999999999849","XMEAS_07","0.0003853018188237911","-0.004217863369718637"
"cost_minimization","XMV_11","decrease","-0.09134999999999849","XMEAS_10","-1.0662652594528588e-05","0.000116723071642351"
"cost_minimization","XMV_11","decrease","-0.09134999999999849","XMEAS_19","0.0032763321869140327","-0.03586570538493801"
"cost_minimization","XMV_11","decrease","-0.09134999999999849","XMEAS_20","0.002201381024292459","-0.024098314442172912"
"cost_minimization","XMV_11","increase","0.09134999999999849","XMEAS_17","-0.037709830640643816","-0.41280602781219966"
"cost_minimization","XMV_11","increase","0.09134999999999849","XMEAS_07","-0.0003853018188237911","-0.004217863369718637"
"cost_minimization","XMV_11","increase","0.09134999999999849","XMEAS_10","1.0662652594584099e-05","0.00011672307164295868"
"cost_minimization","XMV_11","increase","0.09134999999999849","XMEAS_19","-0.003276332186885611","-0.03586570538462688"
"cost_minimization","XMV_11","increase","0.09134999999999849","XMEAS_20","-0.002201381024292459","-0.024098314442172912"
