input_set,target,rows,CV_MAE,CV_RMSE,CV_R2
Current 7,XMEAS_17,500,0.49760443715690056,0.6346258147281478,-0.06268848349811758
Current 7,XMEAS_07,500,2.9217036175407904,3.5908663430186136,0.3036452343077604
Current 7,XMEAS_10,500,0.0031871911414768097,0.003998621801312767,0.8780457230498575
Current 7,XMEAS_19,500,1.7972021194594396,2.2111026348698624,0.7742206947622066
Current 7,XMEAS_20,500,0.6197014655665782,0.7372044694088404,0.35902870996218994
With XMV_11,XMEAS_17,500,0.030770910626020987,0.03896188521201183,0.9951283726868374
With XMV_11,XMEAS_07,500,2.930439867312096,3.601364607326591,0.3004563291917262
With XMV_11,XMEAS_10,500,0.0031989439742972615,0.004005526660793779,0.8774676536338827
With XMV_11,XMEAS_19,500,1.804205066705547,2.216274332794889,0.7732805022493106
With XMV_11,XMEAS_20,500,0.6184952732481949,0.7359719536004448,0.36020799007223864
